слово,частотность во фрагментах
время,1411
часть,1021
жизнь,979
год,953
война,941
власть,894
сила,850
развитие,780
мир,744
начало,707
вид,669
система,645
движение,635
конец,631
тело,629
условие,597
помощь,596
результат,541
место,516
число,513
борьба,503
армия,501
работа,497
процесс,495
право,478
сторона,462
образ,445
отношение,445
большинство,442
вода,435
путь,434
действие,429
создание,411
революция,405
центр,396
закон,395
случай,391
форма,389
дело,383
положение,381
влияние,376
раз,370
среда,361
глава,352
союз,351
день,350
ряд,348
труд,342
век,341
история,340
политика,335
роль,334
основа,331
связь,326
производство,323
рука,322
группа,320
цель,319
состав,316
тыс,312
изменение,312
образование,308
опыт,304
клетка,302
об,301
рост,299
количество,295
период,290
запад,289
значение,287
вопрос,287
культура,286
масса,286
возможность,285
торговля,283
хозяйство,282
направление,279
решение,278
природа,275
граница,274
середина,272
деятельность,272
экономика,271
слой,263
восток,262
организация,255
половина,255
название,249
слово,248
область,247
порядок,246
республика,246
свет,245
течение,245
энергия,244
реформа,243
партия,240
победа,240
мера,237
простой,237
тысяча,233
идея,230
договор,227
промышленность,227
оружие,223
качество,222
успех,222
рисунок,221
уровень,221
интерес,221
отряд,218
смерть,217
поле,216
средство,213
участие,212
ход,211
причина,211
строение,210
поддержка,209
ткань,206
свобода,205
поход,203
владение,202
рынок,201
юг,200
наука,195
руководство,194
свойство,193
строительство,192
язык,191
задача,191
эпоха,191
состояние,191
скорость,189
явление,189
пример,187
продукт,187
кровь,186
дорога,186
зависимость,185
размер,183
правило,183
управление,183
совет,181
река,180
лидер,179
появление,179
характер,179
поражение,177
фронт,177
искусство,175
восстание,174
объединение,174
член,174
существование,173
проблема,172
книга,171
отличие,171
произведение,170
множество,169
предприятие,168
признак,166
особенность,165
точка,163
независимость,162
план,159
распространение,159
принцип,159
глаз,157
позиция,157
север,156
кризис,156
имя,156
сфера,155
необходимость,154
сотня,153
длина,152
температура,151
школа,151
момент,150
суд,150
традиция,150
формула,149
наступление,147
лес,146
сопротивление,146
попытка,145
служба,145
численность,144
бой,144
увеличение,144
конституция,143
контроль,142
открытие,142
давление,141
цена,141
тип,140
техника,140
очередь,140
укрепление,140
участок,139
ядро,139
линия,137
предмет,136
защита,136
конфликт,135
лицо,135
размножение,134
собственность,133
почва,133
ток,132
способность,131
сохранение,131
продукция,130
происхождение,129
престол,129
пора,128
лето,128
питание,128
формирование,127
режим,127
август,127
достижение,127
речь,127
удар,126
потеря,125
весна,125
выборы,125
переход,125
расстояние,124
обмен,124
частица,124
класс,124
солнце,124
устройство,123
род,123
вера,122
курс,121
рубеж,121
правление,120
собор,120
черта,120
распад,120
десяток,119
целое,119
ситуация,119
лист,118
собрание,118
угроза,118
болезнь,118
смена,118
май,117
голова,116
структура,116
океан,116
способ,114
функция,114
дерево,114
миллион,114
соглашение,113
учение,113
площадь,113
км,112
этап,110
монархия,110
сердце,110
стремление,110
регион,110
реакция,110
высота,110
соединение,110
религия,110
сентябрь,109
судьба,109
возникновение,108
июль,108
знание,107
выход,107
октябрь,107
итог,107
стена,107
пара,107
требование,107
захват,106
величина,106
использование,105
добыча,105
отрасль,104
изучение,104
предел,103
эволюция,103
метод,102
месяц,102
крепость,102
сражение,102
мозг,101
круг,101
взаимодействие,101
богатство,101
материал,100
внимание,100
командование,100
металл,99
проведение,99
фактор,99
переворот,97
ответ,97
дань,97
остаток,97
исследование,97
оборона,97
жизнедеятельность,96
срок,96
волна,96
поток,95
литература,95
поведение,95
июнь,95
март,95
взгляд,95
усиление,95
польза,94
единство,94
битва,94
образец,94
программа,94
деление,93
безопасность,93
представление,93
сравнение,93
воздействие,93
ночь,92
гибель,92
зона,92
единица,92
февраль,92
вооружение,91
поколение,91
операция,91
освобождение,90
голод,90
чувство,89
информация,89
декабрь,89
набег,89
цепь,89
вывод,88
расширение,88
апрель,88
семя,87
атмосфера,87
завод,87
камень,87
падение,87
противоречие,87
выступление,86
отдел,86
элемент,86
поиск,86
сокращение,85
лошадь,85
ценность,85
обитание,85
получение,84
дыхание,84
капитал,84
ноябрь,84
орудие,84
восстановление,83
степень,83
преобразование,83
цвет,83
норма,82
колебание,81
применение,81
авторитет,81
десятилетие,80
передача,80
основание,80
столетие,80
голос,80
зерно,79
должность,79
тяжесть,79
долг,79
охота,79
январь,79
ремесло,79
мнение,78
осень,78
шаг,78
существо,78
разнообразие,78
переговоры,77
отсутствие,77
здание,77
усилие,76
вес,76
воля,76
равновесие,76
недовольство,75
жертва,75
прошлое,75
заболевание,74
дно,74
ограничение,74
господство,74
опора,74
завоевание,74
последствие,73
потребность,73
нарушение,73
отказ,73
земледелие,73
неделя,72
корень,72
превращение,72
ветер,72
принятие,72
нить,72
наличие,72
возраст,72
быт,71
протест,71
введение,71
облик,71
механизм,71
шар,71
инициатива,71
обычай,71
съезд,71
содержание,70
модернизация,70
столкновение,70
зрение,70
настроение,70
строй,70
сотрудничество,70
треть,70
конечность,70
заключение,70
заряд,70
доля,70
практика,69
теория,69
обеспечение,69
христианство,69
гора,69
нападение,69
модуль,69
честь,69
зима,69
недостаток,68
транспорт,68
популярность,68
ускорение,68
уничтожение,67
протяжение,67
личность,67
пост,67
темп,66
повод,66
луч,66
дух,66
казнь,66
повинность,66
масштаб,66
соответствие,66
опасность,66
груз,66
плод,65
расцвет,65
повышение,65
стадия,65
конгресс,65
знак,64
преимущество,64
освоение,64
занятие,64
край,63
усобица,63
царство,63
час,62
физика,62
рабство,62
канал,62
равенство,62
разгром,62
буква,62
установление,62
различие,61
титул,61
сеть,61
обстановка,61
плотность,61
отбор,61
база,61
любовь,61
живопись,60
плен,60
мысль,60
изображение,60
изобретение,60
покров,60
проявление,60
перевод,60
конкуренция,60
перемещение,60
окончание,59
социализм,59
сумма,59
пол,59
понятие,59
вклад,58
разработка,58
побег,58
надежда,58
урожай,58
творчество,58
полюс,58
будущее,57
промежуток,57
глубина,57
спор,57
признание,57
трон,56
подготовка,56
частота,56
золото,56
прогресс,56
самоуправление,55
разделение,55
символ,55
климат,55
перемена,55
письмо,55
охрана,55
правда,54
технология,54
призыв,54
желание,54
ислам,54
окраска,54
средневековье,54
огонь,54
кг,54
душа,54
поселение,54
учреждение,53
звук,53
потребление,53
контакт,53
группировка,53
комплекс,53
полномочие,53
здоровье,53
роман,53
выделение,53
раздел,52
плата,52
напряжение,52
пункт,52
праздник,52
ветвь,52
оплодотворение,52
порт,52
стол,52
посол,52
неудача,52
ведение,51
двигатель,51
рамка,51
обработка,51
агрессия,51
уступка,51
подвиг,51
узел,51
фигура,51
уменьшение,51
сегодня,51
мощь,51
нужда,50
блок,50
частность,50
скелет,50
полушарие,50
вторжение,50
вектор,50
присоединение,50
возрождение,50
кислота,49
монополия,49
проект,49
прибыль,49
приток,49
просвещение,49
вмешательство,49
капитализм,49
дворянство,49
сбор,49
шарик,48
волнение,48
демократизация,48
архитектура,48
индустриализация,48
согласие,48
возвращение,48
покой,48
грамота,48
кольцо,48
крестьянство,48
самостоятельность,47
модель,47
предложение,47
разрушение,47
наследство,47
тыл,46
экспедиция,46
вращение,46
сознание,46
обращение,46
излучение,46
медицина,46
убийство,46
свидетельство,46
отставка,46
выплата,46
тепло,46
продажа,46
башня,46
диктатура,46
наблюдение,45
сооружение,45
насилие,45
стрелка,45
прекращение,45
трудность,45
блокада,45
помещение,45
демонстрация,45
обучение,45
штурм,44
сигнал,44
кампания,44
распределение,44
факт,44
небо,44
ответственность,44
изменчивость,44
определение,44
сведение,44
акт,44
компромисс,44
сорт,44
приспособление,43
конференция,43
слава,43
вступление,43
отдых,43
театр,43
корпус,43
хвост,43
спасение,43
привилегия,43
брак,43
фотосинтез,42
отмена,42
снижение,42
противостояние,42
разорение,42
поддержание,42
порода,42
абсолютизм,41
осада,41
трение,41
окружение,41
угол,41
завершение,41
украшение,41
критика,41
раскол,41
рефлекс,41
выбор,41
преступление,40
память,40
могущество,40
мятеж,40
выражение,40
притяжение,40
приход,40
активность,40
изготовление,40
улучшение,40
смысл,40
выполнение,40
тема,40
звезда,40
ослабление,40
исключение,40
следствие,40
рассказ,40
институт,39
ю,39
след,39
встреча,39
крещение,39
карта,39
спрос,39
фон,39
накопление,38
скотоводство,38
справедливость,38
набор,38
красота,38
статья,38
мост,38
вечер,38
суть,38
удаление,38
оппозиция,38
ликвидация,38
постройка,38
рождение,38
нищета,37
декларация,37
сбыт,37
сочетание,37
демократия,37
звание,37
авиация,37
ноль,37
ощущение,37
четверть,37
утверждение,37
игра,36
страх,36
квартал,36
показатель,36
назначение,36
импульс,36
предпринимательство,36
сутки,36
раздробленность,36
чудо,36
благо,35
семейство,35
освещение,35
упругость,35
стиль,35
уважение,35
продолжительность,35
осуществление,35
плоскость,35
отделение,35
владычество,35
запрет,35
оценка,35
понимание,35
преодоление,35
инструмент,35
путешествие,35
эпидемия,34
превосходство,34
идеал,34
данные,34
снабжение,34
забастовка,34
цикл,34
древность,34
готовность,34
измерение,34
дарвин,34
изоляция,34
дисциплина,34
обряд,34
богослужение,34
па,34
пустыня,34
сцена,34
оккупация,34
нашествие,34
взрыв,33
многообразие,33
идеология,33
декрет,33
утро,33
толчок,33
ум,33
граф,33
разрыв,33
просьба,33
профессия,33
характеристика,33
серебро,33
проникновение,33
наказание,33
дума,33
колесо,33
подавление,33
расположение,33
разрешение,33
спорт,32
присутствие,32
установка,32
слух,32
вершина,32
расход,32
арест,32
плечо,32
культ,32
серия,32
траектория,32
термин,32
ущерб,32
вариант,32
раздражение,32
зародыш,32
биология,32
вред,32
расселение,32
перемирие,32
наследственность,32
построение,32
болото,32
постановление,32
соотношение,31
минута,31
взятие,31
эмиграция,31
мощность,31
преследование,31
террор,31
плавание,31
администрация,31
обязанность,31
продолжение,31
километр,31
бедность,31
испытание,31
пучок,31
схема,31
повреждение,31
соперничество,31
распоряжение,31
орбита,31
флаг,30
заседание,30
луна,30
размах,30
доказательство,30
нагревание,30
печать,30
млрд,30
предание,30
боль,30
столб,30
бедствие,30
верность,30
отражение,30
княжение,30
еда,30
разум,30
дверь,30
упадок,30
мм,29
конь,29
яд,29
мужество,29
эра,29
сочинение,29
прозвище,29
промысел,29
сходство,29
подчинение,29
оборудование,29
услуга,29
пищеварение,29
поставка,29
ухо,29
пропаганда,29
урок,29
нехватка,29
выпуск,29
реальность,29
деталь,29
доверие,28
ставка,28
свержение,28
законодательство,28
перестройка,28
девиз,28
митинг,28
бомба,28
философия,28
натиск,28
вкус,28
жанр,28
категория,28
тенденция,28
становление,28
закономерность,28
препятствие,28
поглощение,28
обстоятельство,28
арена,28
кусок,28
взаимоотношение,28
медь,28
хана,28
перелом,27
молитва,27
созыв,27
известие,27
индукция,27
заказ,27
действительность,27
окно,27
подход,27
удобрение,27
потенциал,27
ньютон,27
предпосылка,27
расправа,27
устойчивость,27
возмущение,27
ценз,27
поступление,27
описание,27
толща,27
поэзия,26
эксплуатация,26
процветание,26
православие,26
достоинство,26
сближение,26
атака,26
дружба,26
репрессия,26
безработица,26
чин,26
спина,26
уход,26
осязание,26
беда,26
нагрузка,26
целостность,26
полоса,26
пряность,26
роскошь,26
крах,26
краска,26
генетика,26
суверенитет,26
подписание,26
электричество,26
эксперимент,26
горизонт,26
грань,26
раса,26
намерение,26
синтез,26
сюжет,26
избыток,26
окисление,26
выработка,26
передвижение,26
мода,25
национальность,25
воспитание,25
мораль,25
перспектива,25
впечатление,25
аренда,25
лечение,25
наследование,25
санкция,25
неравенство,25
известность,25
реформация,25
капилляр,25
вече,25
разведка,25
амплитуда,25
точность,25
колонизация,25
продвижение,25
регулирование,25
ненависть,25
испарение,25
конструкция,25
математика,25
экспорт,24
носитель,24
нрав,24
предположение,24
льгота,24
переселение,24
мотив,24
зарождение,24
жестокость,24
акция,24
заговор,24
бегство,24
радиус,24
тонна,24
пожар,24
горох,24
замысел,24
круговорот,24
принадлежность,24
холод,24
общение,24
машиностроение,24
регуляция,24
буря,24
раствор,24
артерия,24
благосостояние,24
мобилизация,24
секунда,23
склад,23
скрещивание,23
среднее,23
гонка,23
страдание,23
фашизм,23
ошибка,23
письменность,23
катастрофа,23
пузырь,23
автономия,23
дар,23
провод,23
кусочек,23
выживание,23
комиссия,23
радость,23
цепочка,23
последовательность,23
обвинение,23
величие,23
расщепление,23
доступ,23
прочность,22
стачка,22
зло,22
концепция,22
приближение,22
миссия,22
слияние,22
слабость,22
лидерство,22
сообщение,22
скульптура,22
гипотеза,22
карьера,22
предоставление,22
заслуга,22
концентрация,22
проекция,22
кино,22
компонент,22
посев,22
хлопок,22
реализация,22
обязательство,22
дождь,22
житие,22
выставка,22
чтение,22
металлургия,22
метр,22
селекция,22
родство,22
экран,21
воплощение,21
статус,21
северо-восток,21
дуга,21
восприятие,21
симпатия,21
выгода,21
выкуп,21
уравнение,21
смертность,21
спектр,21
цивилизация,21
завещание,21
обновление,21
кредит,21
цилиндр,21
исполнение,21
тон,21
поездка,21
замена,21
ярлык,21
возбуждение,21
фаза,21
химия,21
проповедь,21
дефицит,21
коммунизм,21
служение,21
пенсия,21
внедрение,21
миллиард,20
мина,20
содержимое,20
умение,20
астрономия,20
теплота,20
контур,20
национализм,20
сгорание,20
эффект,20
эффективность,20
юность,20
мутация,20
убеждение,20
смесь,20
детство,20
виток,20
произвол,20
бомбардировка,20
гарантия,20
смута,20
таблица,20
прохождение,20
ритм,20
совещание,20
трагедия,20
специальность,20
график,20
вызов,20
предлог,20
приспособленность,20
включение,20
прорыв,20
лига,20
обострение,20
дипломатия,20
грех,20
пейзаж,20
сложность,19
исчезновение,19
пребывание,19
мука,19
анализ,19
толщина,19
стабильность,19
изгнание,19
свеча,19
отход,19
оборот,19
совершение,19
лента,19
подразделение,19
пирамида,19
тревога,19
колено,19
запись,19
инвестиция,19
престиж,19
претензия,19
облако,19
проживание,19
производительность,19
выращивание,19
обоняние,19
либерализм,19
чай,19
гибрид,19
диаметр,19
посадка,19
конвент,19
цензура,19
вхождение,19
талант,19
ловля,19
перевозка,19
реставрация,19
доктрина,19
секрет,19
сектор,19
потрясение,19
мечта,19
указание,19
рыболовство,18
верование,18
интеграция,18
досуг,18
исход,18
сегмент,18
мышление,18
содействие,18
забота,18
страница,18
вспышка,18
торможение,18
излишек,18
охлаждение,18
интенсивность,18
крест,18
обозначение,18
ступень,18
тактика,18
католицизм,18
католичество,18
ввоз,18
звено,18
поза,18
геноцид,18
пользование,18
ужас,18
усовершенствование,18
шум,18
провозглашение,18
уверенность,18
география,18
работоспособность,18
нейрон,18
беспорядок,18
переваривание,18
милость,18
передел,18
отрезок,18
миграция,18
зодчество,17
контрнаступление,17
сан,17
ссылка,17
энергетика,17
тень,17
сечение,17
преломление,17
скопление,17
визит,17
соблюдение,17
верх,17
кофе,17
сомнение,17
вывоз,17
нарастание,17
созревание,17
остановка,17
струя,17
издание,17
отречение,17
первенство,17
финансирование,17
глубь,17
процент,17
летописание,17
отклонение,17
подтверждение,17
познание,17
пятно,17
обсуждение,17
координата,17
представительство,17
коррупция,17
сон,17
графство,17
бизнес,17
влажность,17
зачаток,17
разведение,17
интервенция,17
одомашнивание,17
развлечение,17
цифра,17
расхождение,17
чистка,17
меньшинство,17
рычаг,17
ока,17
экспансия,17
игла,16
вакуум,16
преемственность,16
ориентация,16
окружность,16
снег,16
капля,16
вина,16
разница,16
голосование,16
хранение,16
утрата,16
стержень,16
затрата,16
обобщение,16
поворот,16
герцогство,16
танец,16
истина,16
перенос,16
перерыв,16
неприкосновенность,16
государственность,16
распря,16
полнота,16
покровительство,16
приобретение,16
разногласие,16
физиология,16
урегулирование,16
размещение,16
разность,16
референдум,16
рейн,16
пение,16
выстрел,16
переживание,16
шанс,16
мастерство,16
соревнование,15
разложение,15
ересь,15
жажда,15
капелька,15
собирательство,15
совершенствование,15
обман,15
одобрение,15
пробка,15
возвышение,15
нацизм,15
острота,15
навык,15
мантия,15
патриотизм,15
подкрепление,15
телефон,15
лестница,15
капитуляция,15
плацдарм,15
закупка,15
погода,15
подданство,15
показание,15
эпизод,15
тысячелетие,15
поступок,15
заражение,15
оттенок,15
общность,15
дата,15
возведение,15
крик,15
манера,15
запах,15
простота,15
пятилетка,15
линейка,15
фенотип,15
удел,15
добро,15
репарация,15
паскаль,15
широта,14
эвакуация,14
зоология,14
сопровождение,14
самосознание,14
электроэнергия,14
сущность,14
неповиновение,14
уплата,14
употребление,14
бронза,14
жалоба,14
обилие,14
наименование,14
бунт,14
вражда,14
соприкосновение,14
обслуживание,14
пламень,14
спираль,14
чума,14
национализация,14
измена,14
обогащение,14
тяготение,14
инфляция,14
десятина,14
пир,14
братство,14
покушение,14
шкала,14
обстрел,14
колониализм,14
попадание,14
взаимосвязь,14
потолок,14
номер,14
равноправие,14
запуск,14
барщина,14
предотвращение,14
баня,14
возврат,14
приоритет,14
ниша,14
провал,14
десант,14
углубление,14
марксизм,14
биосинтез,14
комедия,14
прыжок,14
взаимопомощь,14
расслоение,14
адаптация,14
объяснение,14
порция,14
дискуссия,14
злоупотребление,14
растяжение,14
ожидание,14
редкость,14
шах,14
шествие,14
механика,14
ярмарка,14
ассоциация,13
опасение,13
салон,13
истощение,13
конфронтация,13
веротерпимость,13
неволя,13
торжество,13
преобладание,13
канализация,13
нэп,13
упражнение,13
закрепление,13
усложнение,13
устой,13
приложение,13
согласный,13
ухудшение,13
обнищание,13
составление,13
оказание,13
настояние,13
животноводство,13
стратегия,13
страхование,13
вдох,13
отставание,13
оформление,13
гибридизация,13
противодействие,13
творение,13
перегородка,13
темнота,13
перепись,13
пик,13
закрытие,13
погром,13
кинематограф,13
тренировка,13
классификация,13
коллективизация,13
понижение,13
удовольствие,13
отсталость,13
консерватизм,13
уклад,13
прирост,13
присяга,13
фамилия,13
прорастание,13
протекторат,13
обоснование,13
здравоохранение,13
высадка,13
тайна,13
рельс,13
резонанс,13
риск,13
рождаемость,13
оплата,13
узор,13
реализм,13
поправка,13
ом,12
боеспособность,12
минимум,12
транспортировка,12
вероисповедание,12
нанесение,12
ширина,12
законность,12
эмоция,12
сдвиг,12
стандарт,12
единение,12
коэффициент,12
совесть,12
обороноспособность,12
солидарность,12
заявление,12
чувствительность,12
утка,12
экология,12
старость,12
избрание,12
иммунитет,12
империализм,12
индустрия,12
инстинкт,12
гигиена,12
интрига,12
вход,12
противоборство,12
противовес,12
разряд,12
глоток,12
перераспределение,12
пересмотр,12
календарь,12
подступ,12
подвижность,12
загрязнение,12
несправедливость,12
замыкание,12
троица,12
покорность,12
трудолюбие,12
порог,12
ключ,12
грамотность,12
правильность,12
заселение,12
приглашение,12
примирение,12
принуждение,12
вымирание,12
притязание,12
продуктивность,12
депрессия,12
протекание,12
процедура,12
расстрел,12
разновидность,12
барьер,12
череда,12
ребро,12
местечко,12
мероприятие,12
своеобразие,12
связка,12
опыление,12
специализация,12
диапазон,12
сжатие,12
резерфорд,12
роспуск,11
самоопределение,11
драгоценность,11
страсть,11
бег,11
северо-запад,11
моном,11
мореплавание,11
мороз,11
воспроизведение,11
мудрость,11
привлечение,11
жадность,11
впадение,11
собирание,11
совершенство,11
урожайность,11
стан,11
крушение,11
гордость,11
оспа,11
стройка,11
централизация,11
отклик,11
гвоздь,11
отправка,11
отступление,11
парад,11
бремя,11
нейтралитет,11
кипение,11
гнев,11
выведение,11
вероятность,11
терроризм,11
деформация,11
плавление,11
нестабильность,11
отпор,11
радикал,11
функционирование,11
выдох,11
покупка,11
авария,11
уборка,11
поклонение,11
комбинация,11
порыв,11
посещение,11
грязь,11
пот,11
носовой,11
выигрыш,11
кончина,11
координация,11
видение,11
прививка,11
проверка,11
кружок,11
латынь,11
междоусобица,11
паника,11
фотография,11
инерция,11
ходьба,11
разрез,11
разрядка,11
раскопка,11
маршрут,11
благополучие,11
чистота,11
резьба,11
роды,11
миллиметр,11
возрастание,11
вой,11
дополнение,10
вольность,10
божество,10
блеск,10
направленность,10
спокойствие,10
драма,10
рознь,10
сделка,10
энтузиазм,10
сепаратизм,10
тишина,10
неприятие,10
прибытие,10
публикация,10
восхищение,10
запрещение,10
засуха,10
непрерывность,10
состязание,10
спекуляция,10
оживление,10
амнистия,10
олимпиада,10
побоище,10
гармония,10
отпуск,10
отравление,10
задание,10
отталкивание,10
отток,10
очертание,10
очистка,10
переписка,10
вероучение,10
перетяжка,10
переустройство,10
кальвинизм,10
неграмотность,10
писание,10
планирование,10
гонение,10
плодородие,10
поговорка,10
погоня,10
травма,10
бережливость,10
подражание,10
позор,10
радиация,10
хитрость,10
поручение,10
конвекция,10
удовлетворение,10
посредничество,10
постоянство,10
ножка,10
импорт,10
укус,10
кооперация,10
кормление,10
коронация,10
обед,10
придаток,10
приключение,10
схватка,10
поль,10
инженерия,10
разочарование,10
разоружение,10
ранение,10
паломничество,10
летие,10
фокус,10
пытка,10
акцент,10
рад,10
разгар,10
разговор,10
царствование,10
церемония,10
землевладение,10
расследование,10
рассуждение,10
частичка,10
анатомия,10
бюрократия,10
з,10
реконструкция,10
мировоззрение,10
свадьба,10
рог,10
шапка,10
скачок,10
складывание,10
миля,9
альянс,9
женитьба,9
зрелище,9
накаливание,9
митоз,9
вс,9
достаток,9
многопартийность,9
стабилизация,9
стойкость,9
воскресение,9
пренебрежение,9
баланс,9
смех,9
смещение,9
засада,9
смелость,9
сожаление,9
бойкот,9
напор,9
спад,9
всасывание,9
чередование,9
высыхание,9
насыщение,9
нахождение,9
невмешательство,9
повествование,9
изложение,9
автомобилестроение,9
гектар,9
субъект,9
отопление,9
отрыв,9
нежелание,9
пакет,9
паритет,9
инфраструктура,9
всплеск,9
теплопередача,9
несение,9
перепад,9
выброс,9
тираж,9
тирания,9
пленум,9
плодовитость,9
горе,9
килограмм,9
весть,9
подкуп,9
гений,9
подозрение,9
неспособность,9
вето,9
градус,9
низ,9
запасание,9
пополнение,9
постановка,9
дальность,9
преграда,9
предводительство,9
предпочтение,9
унижение,9
предрассудок,9
прикосновение,9
призма,9
примесь,9
усталость,9
дельта,9
провокация,9
куб,9
прокат,9
бум,9
пропорция,9
лекарство,9
прощение,9
джунгли,9
тяга,9
звон,9
логика,9
разграничение,9
раздача,9
размышление,9
рай,9
марка,9
марш,9
мгновение,9
чаша,9
реабилитация,9
реалия,9
доклад,9
реформирование,9
шовинизм,9
наращивание,9
рождество,9
роспись,9
воображение,9
мозаика,9
сдача,9
молодость,9
эшелон,9
юго-запад,9
консульство,9
язычество,9
русло,8
электризация,8
стоянка,8
сдерживание,8
ботаника,8
предупреждение,8
теракт,8
симметрия,8
синус,8
склонность,8
скандал,8
скромность,8
ад,8
восторг,8
видообразование,8
фанатизм,8
формулировка,8
соседство,8
цветение,8
быстрота,8
присвоение,8
сплав,8
сплочение,8
обмотка,8
старт,8
опричнина,8
старшинство,8
завтрак,8
га,8
изгиб,8
гамма,8
осознание,8
недоверие,8
оттепель,8
героизм,8
ампер,8
инфекция,8
переброска,8
искривление,8
тезис,8
истребление,8
лепесток,8
терпение,8
версия,8
верста,8
вертикаль,8
изъятие,8
верховенство,8
плебисцит,8
каша,8
кашель,8
относительность,8
погребение,8
ветвление,8
град,8
тупик,8
развал,8
порабощение,8
компенсация,8
запрос,8
поучение,8
нормализация,8
похороны,8
похолодание,8
взор,8
предательство,8
преподавание,8
упоминание,8
коса,8
аргумент,8
приватизация,8
буддизм,8
приготовление,8
примат,8
обиход,8
притеснение,8
критерий,8
утомление,8
пробуждение,8
расизм,8
выносливость,8
фарадей,8
десятка,8
дефект,8
фраза,8
фундамент,8
ломка,8
воз,8
хождение,8
раздор,8
дискриминация,8
манифестация,8
добродетель,8
удвоение,8
доза,8
репутация,8
салют,8
рекорд,8
сантиметр,8
близость,8
реорганизация,8
дробление,8
молния,8
секреция,8
этикет,8
вычисление,8
решимость,8
богословие,8
яркость,8
романтика,7
адрес,7
почитание,7
опоздание,7
налаживание,7
налогообложение,7
сострадание,7
взрывной,7
невозможность,7
воспаление,7
сезон,7
мор,7
слеза,7
ной,7
жаба,7
восход,7
упрощение,7
застой,7
ограбление,7
стойка,7
стояние,7
стрельба,7
негодование,7
бортничество,7
стык,7
ввод,7
гегемония,7
иконопись,7
генри,7
вдохновение,7
невзгода,7
сужение,7
инвалидность,7
бочка,7
подача,7
сценка,7
палеозой,7
палеонтология,7
параметр,7
гимнастика,7
патриаршество,7
исключительность,7
искра,7
передовая,7
исправление,7
телосложение,7
тематика,7
перемычка,7
теплопроводность,7
перепроизводство,7
гнездование,7
пересечение,7
годовщина,7
капиталовложение,7
ткачество,7
повторение,7
торжественность,7
беседа,7
триумф,7
тройка,7
покорение,7
туман,7
книгопечатание,7
тур,7
торг,7
анархия,7
выезд,7
диалог,7
угнетение,7
гром,7
беспокойство,7
развод,7
конвенция,7
полдень,7
гуманизм,7
контрреволюция,7
контрудар,7
конфискация,7
преданность,7
преддверие,7
упразднение,7
приверженность,7
привычка,7
засилье,7
призвание,7
урон,7
кремний,7
приобщение,7
кривизна,7
обладание,7
приступ,7
кровотечение,7
устрашение,7
крючок,7
обнаружение,7
держание,7
вложение,7
протестантизм,7
проток,7
пульс,7
лихорадка,7
лицемерие,7
параллель,7
дивергенция,7
лишение,7
звучание,7
лыжа,7
благодарность,7
динамика,7
хребет,7
объявление,7
благоденствие,7
разруха,7
реваншизм,7
ранг,7
рассмотрение,7
растениеводство,7
реванш,7
доброта,7
ожог,7
благородство,7
резня,7
местничество,7
хаос,7
алфавит,7
доминанта,7
роса,7
эйнштейн,7
рывок,7
перевес,7
экономия,7
самодержавие,7
доставка,7
самоубийство,7
доступность,7
сбережение,7
драка,7
сдержанность,7
ришелье,7
воссоединение,7
систематика,7
скольжение,6
штрих,6
смешение,6
экзамен,6
жатва,6
соблазн,6
желчь,6
специфика,6
заблуждение,6
срыв,6
стража,6
завтра,6
суеверие,6
сукцессия,6
сценарий,6
неизбежность,6
заинтересованность,6
неожиданность,6
юго-восток,6
треск,6
выживаемость,6
указатель,6
нота,6
воцарение,6
жара,6
снятие,6
застройка,6
устранение,6
впадина,6
согласование,6
совпадение,6
найм,6
жест,6
фигурка,6
выплавка,6
наклон,6
барометр,6
надзор,6
жизнеспособность,6
хорда,6
бойня,6
сохранность,6
соударение,6
вырубка,6
специфичность,6
чеканка,6
бытие,6
опека,6
важность,6
стереотип,6
опускание,6
езда,6
выяснение,6
оскорбление,6
вариация,6
невежество,6
строка,6
изнанка,6
изобилие,6
откладывание,6
иллюзия,6
отпечаток,6
отрицание,6
геология,6
судостроение,6
автоматизация,6
отчаяние,6
оцепенение,6
герц,6
палеолит,6
пал,6
сцепление,6
паразитизм,6
великолепие,6
парламентаризм,6
зажим,6
ионизация,6
таран,6
перегрев,6
передышка,6
авантюра,6
переработка,6
неподчинение,6
фантазия,6
неподвижность,6
петля,6
бал,6
товарищество,6
плащ,6
отметка,6
повестка,6
горение,6
подбор,6
трансформация,6
кладка,6
гражданство,6
код,6
полчище,6
коммуникация,6
грипп,6
порок,6
композиция,6
громкость,6
удержание,6
конвейер,6
акр,6
пословица,6
конвой,6
грусть,6
конденсация,6
взимание,6
взнос,6
контраст,6
ар,6
празднество,6
превратность,6
умиротворение,6
презрение,6
коридор,6
заря,6
преображение,6
преступность,6
космонавтика,6
придание,6
крайность,6
урбанизация,6
облегчение,6
активизация,6
крупинка,6
участь,6
прогулка,6
кубок,6
курение,6
деспотизм,6
пророчество,6
лад,6
феномен,6
противоположность,6
протокол,6
профаза,6
фильтр,6
проход,6
лекция,6
прямая,6
длительность,6
прямохождение,6
психология,6
форум,6
джоуль,6
равнодействующая,6
фунт,6
листопад,6
радиоактивность,6
литр,6
разбой,6
ловушка,6
диктат,6
разграбление,6
хор,6
размыкание,6
овладение,6
диспут,6
посевная,6
огораживание,6
рассвет,6
расслабление,6
воззвание,6
расстройство,6
рвота,6
вознаграждение,6
высказывание,6
мелководье,6
регистрация,6
возобновление,6
благословение,6
реклама,6
доминирование,6
онтогенез,6
иго,6
опрос,6
сговор,6
агитация,6
монашество,6
сияние,6
мусульманство,5
смотр,5
смятение,5
надобность,5
дороговизна,5
согласованность,5
эластичность,5
микробиология,5
соображение,5
сосредоточение,5
сосуществование,5
насмешка,5
забор,5
заверение,5
зависть,5
столбик,5
стрелочка,5
своеволие,5
строгость,5
недопустимость,5
задержка,5
заимствование,5
эхо,5
закаливание,5
сигнализация,5
дыра,5
сименс,5
орнамент,5
мутагенез,5
запоздание,5
естествознание,5
сложение,5
смирение,5
умеренность,5
нагрев,5
обморожение,5
анархизм,5
физкультура,5
сотворение,5
землепользование,5
злоба,5
одиночество,5
выселение,5
злодеяние,5
знакомство,5
членство,5
знатность,5
насаждение,5
экспрессионизм,5
опустошение,5
стихия,5
избавление,5
выявление,5
издевательство,5
загар,5
отвращение,5
отделка,5
откровенность,5
открывание,5
изящество,5
отмирание,5
азбука,5
иллюстрация,5
аннексия,5
геометрия,5
судоходство,5
индивидуальность,5
суровость,5
веер,5
пальма,5
гибкость,5
втягивание,5
парообразование,5
аномалия,5
пауза,5
боязнь,5
перебой,5
главенство,5
перевооружение,5
искренность,5
азы,5
перегревание,5
гласность,5
глобализация,5
глупость,5
беззаконие,5
переправа,5
периметр,5
периодичность,5
песчинка,5
кара,5
античность,5
плач,5
катание,5
неравномерность,5
тормоз,5
повиновение,5
горечь,5
поголовье,5
неровность,5
погружение,5
поднятие,5
госбезопасность,5
траур,5
подспорье,5
поединок,5
замещение,5
треугольник,5
грамм,5
турнир,5
коварство,5
помеха,5
увлечение,5
ник,5
угон,5
поругание,5
портфель,5
новаторство,5
удобство,5
ужин,5
брожение,5
новость,5
запустение,5
празднование,5
выкармливание,5
превышение,5
нс,5
взяточничество,5
корзина,5
видимость,5
пресечение,5
красноречие,5
кривая,5
бешенство,5
вымысел,5
крупа,5
затмение,5
крюк,5
проклятие,5
обет,5
арифметика,5
дестабилизация,5
прославление,5
лавина,5
противопоставление,5
профилактика,5
прямоугольник,5
пуд,5
биотехнология,5
пустота,5
путч,5
пышность,5
рабовладение,5
водопад,5
радикализм,5
футбол,5
диалект,5
дизентерия,5
ложь,5
локомотив,5
разгон,5
ц,5
мазок,5
землетрясение,5
выразительность,5
манер,5
зимовка,5
распашка,5
диффузия,5
маска,5
алкоголизм,5
рассеяние,5
расстановка,5
рассудок,5
частокол,5
возмездие,5
добывание,5
однородность,5
догадка,5
местоположение,5
ремонт,5
метафаза,5
метка,5
ассамблея,5
рецепт,5
механизация,5
благоустройство,5
штамм,5
шторм,5
щедрость,5
милосердие,5
допрос,5
благочестие,5
рекомбинация,5
самосовершенствование,5
многоженство,5
эмаль,5
мобильность,5
оптимизм,5
свечение,5
дробь,5
семяпровод,5
благотворительность,5
восполнение,5
синоним,5
занятость,5
анафаза,5
воспроизводство,5
ян,5
осанка,5
скобка,5
волокита,4
слог,4
слюноотделение,4
наведение,4
жало,4
почесть,4
современность,4
нажим,4
враждебность,4
солнышко,4
намокание,4
нападки,4
жилка,4
наполнение,4
жительство,4
спаривание,4
забвение,4
срастание,4
ссора,4
настойчивость,4
натура,4
почвообразование,4
аффект,4
стечение,4
нацпроект,4
загадка,4
сухость,4
сегрегация,4
сыск,4
тайфун,4
таяние,4
неолит,4
тиски,4
тиф,4
неприязнь,4
воссоздание,4
тошнота,4
неуверенность,4
сессия,4
брешь,4
неустойчивость,4
тягота,4
низменность,4
запечатление,4
удача,4
бродяжничество,4
запоминание,4
навигация,4
авангард,4
вылазка,4
будни,4
усмотрение,4
обкладка,4
обмирщение,4
затруднение,4
обогрев,4
обозрение,4
фехтование,4
выпадение,4
обособление,4
жертвоприношение,4
зверство,4
холера,4
амбиция,4
народовластие,4
насиживание,4
спуск,4
зов,4
олигархия,4
штука,4
высылка,4
зрелость,4
старина,4
наступ,4
стимул,4
эрозия,4
вспашка,4
настоящее,4
ориентир,4
язва,4
начинание,4
ярость,4
осмысление,4
осторожность,4
осуждение,4
отвердевание,4
ватт,4
заготовка,4
открытость,4
изречение,4
заграждение,4
отлучение,4
гемофилия,4
суббота,4
стычка,4
иммиграция,4
задатки,4
импичмент,4
отстранение,4
сумерки,4
индекс,4
индивидуализм,4
отъезд,4
индуизм,4
очарование,4
безвластие,4
очищение,4
безграмотность,4
пандемия,4
интервал,4
пасха,4
въезд,4
искоренение,4
перегиб,4
венчание,4
закат,4
телофаза,4
темперамент,4
иссушение,4
переливание,4
теплоотдача,4
перенесение,4
вероломство,4
перепродажа,4
глухота,4
перерастание,4
пересвет,4
гниение,4
говор,4
периферия,4
канон,4
кандидатура,4
головокружение,4
неправда,4
пилот,4
карнавал,4
толкование,4
планировка,4
платформа,4
касательная,4
гомруль,4
катализатор,4
плодоношение,4
побои,4
побуждение,4
качение,4
квадрат,4
повседневность,4
замедление,4
поджог,4
горошек,4
трансляция,4
беременность,4
подобие,4
горсть,4
подотдел,4
классика,4
пожелание,4
классицизм,4
заморозок,4
пожертвование,4
показ,4
аплодисменты,4
неудобство,4
трусость,4
занавес,4
туризм,4
ползание,4
полив,4
ковы,4
коллапс,4
абиогенез,4
взаимозависимость,4
понедельник,4
поощрение,4
апогей,4
попечение,4
гроза,4
постепенность,4
удивление,4
конкурентоспособность,4
потепление,4
консолидация,4
похвала,4
густота,4
почкование,4
беспризорность,4
конус,4
правота,4
конфессия,4
конфигурация,4
конфуцианство,4
банкротство,4
предопределение,4
предприимчивость,4
предубеждение,4
кораблестроение,4
кораблекрушение,4
премьера,4
уплотнение,4
коррекция,4
видоизменение,4
бросок,4
косинус,4
дебаты,4
дегенерация,4
упорядоченность,4
приезд,4
дезертирство,4
виновность,4
прикрепление,4
прикрытие,4
прилив,4
прима,4
приручение,4
проба,4
провинность,4
проводимость,4
биогенез,4
манипуляция,4
раскачивание,4
промысл,4
кухня,4
фестиваль,4
ландшафт,4
лапа,4
ласточка,4
процессия,4
обособленность,4
внесение,4
ленца,4
прядение,4
психика,4
публицистика,4
вовлечение,4
либерализация,4
пятница,4
линька,4
хадж,4
радиотехника,4
археология,4
звонок,4
хищничество,4
локоть,4
раздумье,4
раздражимость,4
разжигание,4
любознательность,4
бусидо,4
разрежение,4
возглас,4
расписание,4
расплата,4
возделывание,4
массаж,4
возмещение,4
аскетизм,4
честность,4
мезолит,4
ревность,4
мелочь,4
аспект,4
редакция,4
догма,4
мерка,4
догмат,4
местонахождение,4
месть,4
рентген,4
репликация,4
реформизм,4
ритуал,4
шок,4
родословная,4
шпионаж,4
миг,4
оленеводство,4
романтизм,4
милитаризация,4
милитаризм,4
руина,4
опала,4
опад,4
русофобия,4
рыцарство,4
самоотверженность,4
вытеснение,4
электроника,4
сбой,4
близорукость,4
электротехника,4
эмансипация,4
алчность,4
оптимум,4
драматургия,4
воронка,4
свифт,4
модификация,4
свободомыслие,4
сгущение,4
дуализм,4
секретность,4
сенокос,4
сенсация,4
иероглиф,4
сердцебиение,4
сидение,4
альт,4
симбиоз,4
морфология,4
мостик,4
ванна,4
скак,4
мрак,4
скат,4
скитание,4
склон,4
единообразие,3
мутуализм,3
мучение,3
следование,3
слом,3
смазка,3
сменяемость,3
наводнение,3
навязывание,3
восхождение,3
атрибут,3
саботаж,3
мироощущение,3
самозарождение,3
сонливость,3
накал,3
наложение,3
сосредоточенность,3
социал-демократия,3
афера,3
всевластие,3
вселение,3
стандартизация,3
завал,3
завеса,3
стимулирование,3
наущение,3
вскрытие,3
ампир,3
невесомость,3
невиновность,3
заголовок,3
стяжательство,3
недоедание,3
недомогание,3
судорога,3
незнание,3
сюрприз,3
табличка,3
такт,3
закабаление,3
тембр,3
базирование,3
непобедимость,3
закладка,3
теплообмен,3
терапия,3
непокорность,3
балаган,3
закрывание,3
тоска,3
нерест,3
нерешительность,3
несовершенство,3
выделка,3
несостоятельность,3
трлн,3
выдержка,3
тропа,3
альтернатива,3
западня,3
словарь,3
анаболизм,3
новация,3
бодрствование,3
броня,3
уникальность,3
зарядка,3
обаяние,3
упорство,3
упорядочение,3
упор,3
управа,3
обвал,3
упрочение,3
выключение,3
вылупление,3
усвоение,3
вылов,3
облучение,3
затишье,3
ушиб,3
заточение,3
финал,3
захоронение,3
фонтан,3
фотографирование,3
обрезка,3
обрушение,3
хватка,3
зелень,3
цзинь,3
циклон,3
цинга,3
высвобождение,3
чаяние,3
ожесточение,3
одышка,3
барокко,3
сопротивляемость,3
шантаж,3
оковы,3
значимость,3
зной,3
зоб,3
шрифт,3
штукатурка,3
шутка,3
наставление,3
эйфория,3
экспозиция,3
электрификация,3
насыщенность,3
электромагнетизм,3
эмбриология,3
оптика,3
опт,3
энцефалит,3
эпилепсия,3
иерархия,3
юмор,3
избранность,3
ячейка,3
извержение,3
оскудение,3
осложнение,3
осмотр,3
извлечение,3
ост,3
галлюцинация,3
гам,3
стрит,3
автоматизм,3
отвлечение,3
ответвление,3
гарант,3
изменяемость,3
отдача,3
отдельность,3
изысканность,3
имидж,3
импрессионизм,3
отсрочка,3
султанат,3
отторжение,3
сут,3
индикатор,3
охват,3
индуктивность,3
инертность,3
сход,3
задолженность,3
схоластика,3
ощупь,3
папство,3
веление,3
вт,3
параллелепипед,3
паралич,3
сцинтилляция,3
интернационализм,3
инфаркт,3
пассивность,3
гипертония,3
пастеризация,3
гипотония,3
вентиляция,3
текучесть,3
выборность,3
исповедь,3
переезд,3
передозировка,3
испускание,3
перекрытие,3
глотание,3
истинность,3
переоценка,3
переохлаждение,3
исчерпание,3
переплетение,3
глухарь,3
иудаизм,3
пересадка,3
антисемитизм,3
кайнозой,3
переутомление,3
перехват,3
непоследовательность,3
гол,3
пигментация,3
пи,3
антициклон,3
аккомодация,3
каприз,3
товарооборот,3
толк,3
катаболизм,3
катаклизм,3
тоннаж,3
веселие,3
квалификация,3
беккерель,3
керамика,3
погрешность,3
горизонталь,3
аншлюс,3
киловатт,3
килоджоуль,3
тракт,3
подкова,3
апартеид,3
нерушимость,3
подозрительность,3
кинофестиваль,3
трапеза,3
трата,3
подрыв,3
агротехника,3
покалывание,3
клиника,3
грамматика,3
туча,3
гран,3
половинка,3
колдовство,3
полутень,3
запаздывание,3
коллективизм,3
убедительность,3
амур,3
популяризация,3
увольнение,3
комплектование,3
компьютеризация,3
посещаемость,3
нищенство,3
груда,3
посредство,3
постмодернизм,3
постулат,3
аппетит,3
губной,3
консенсус,3
уклонение,3
консультация,3
почин,3
почерк,3
контрабанда,3
контингент,3
правосудие,3
дальнозоркость,3
праздность,3
предназначение,3
двадцатка,3
корректировка,3
приведение,3
космополитизм,3
кража,3
бесстрашие,3
обеспеченность,3
приземление,3
призрение,3
дезорганизация,3
обида,3
прилаживание,3
кредитование,3
примета,3
крепление,3
крестик,3
припадок,3
декор,3
природопользование,3
приставка,3
кристаллизация,3
устремление,3
кровоток,3
демилитаризация,3
утопия,3
обличение,3
кругозор,3
демобилизация,3
демонополизация,3
властность,3
ущемление,3
ксенофобия,3
денацификация,3
биение,3
купание,3
пролог,3
куча,3
кюри,3
противоречивость,3
армада,3
флажок,3
внешность,3
летосчисление,3
аромат,3
деяние,3
ликование,3
диабет,3
диалектика,3
разбирательство,3
разброс,3
развенчание,3
ловкость,3
водство,3
развязывание,3
развязка,3
логос,3
ходатайство,3
любопытство,3
лютеранство,3
разоблачение,3
дискредитация,3
максимум,3
малолетство,3
малярия,3
мандат,3
маневрирование,3
расклад,3
раскаяние,3
дистанция,3
раскрытие,3
маоизм,3
благозвучие,3
распутица,3
цитология,3
маскарад,3
доблесть,3
чартизм,3
огородничество,3
махинация,3
расчленение,3
расшифровка,3
человечность,3
мезозой,3
регенерация,3
менструация,3
метаболизм,3
репетиция,3
репродукция,3
озлобление,3
бюрократизм,3
шероховатость,3
методика,3
рифма,3
должное,3
розыск,3
розетка,3
донесение,3
руанда,3
ротор,3
рубка,3
доносительство,3
вольт,3
рысь,3
рыхление,3
самиздат,3
самобытность,3
самооборона,3
самосуд,3
мл,3
оправдание,3
сборка,3
сборище,3
сварка,3
эмиссия,3
выходной,3
моление,3
сев,3
блицкриг,3
севооборот,3
ор,3
эскалация,3
атеизм,3
сжигание,3
дуэль,3
силуэт,3
симптом,3
юрисдикция,3
синтоизм,3
моторика,3
юстиция,3
мусор,3
скороспелость,2
слабоумие,2
словечко,2
смерч,2
нагота,2
смог,2
нагромождение,2
смягчение,2
сновидение,2
соболезнование,2
надругательство,2
назидание,2
созерцание,2
врабатывание,2
накопительство,2
сопоставление,2
живорождение,2
соразмерность,2
сортировка,2
намагниченность,2
аболиционизм,2
сотрясение,2
наплыв,2
написание,2
спазм,2
наработка,2
наркоз,2
забава,2
спрут,2
спячка,2
наряд,2
всесожжение,2
стаж,2
сталинизм,2
старание,2
натирание,2
натурализм,2
стирка,2
национал-социализм,2
страда,2
стравливание,2
стремительность,2
небосклон,2
стрижка,2
стресс,2
стужа,2
студенчество,2
неделимость,2
стыковка,2
зад,2
судопроизводство,2
недоразумение,2
всхожесть,2
недостаточность,2
заделка,2
сумрак,2
недоумение,2
сутулость,2
нежность,2
недуг,2
задержание,2
базар,2
незаурядность,2
некомпетентность,2
твист,2
тартар,2
неодинаковость,2
неоднородность,2
теология,2
неповторимость,2
непонимание,2
брань,2
закрепощение,2
непостоянство,2
неприглядность,2
выводка,2
товарообмен,2
закуп,2
залп,2
тоталитаризм,2
неразвитость,2
травля,2
бренд,2
выдача,2
транзит,2
замешательство,2
несовпадение,2
замкнутость,2
несогласие,2
тренированность,2
трещина,2
нетерпимость,2
трудодень,2
выделывание,2
туляремия,2
неуплата,2
занос,2
нефтедобыча,2
нефтехимия,2
убогость,2
неявка,2
увлажнение,2
увод,2
угасание,2
уговор,2
угощение,2
удерживание,2
удлинение,2
новизна,2
уединение,2
узурпация,2
скупка,2
уйма,2
уклон,2
смачивание,2
укол,2
выкидыш,2
укрепа,2
норматив,2
запятая,2
улыбка,2
ночлег,2
умножение,2
умыкание,2
унификация,2
вылет,2
обезвоживание,2
заслон,2
жар,2
уравновешивание,2
уродство,2
обивка,2
засоление,2
успение,2
усталь,2
облачность,2
облачение,2
засыхание,2
утоление,2
утолщение,2
обложение,2
утопление,2
затея,2
обморок,2
фагоцитоз,2
вынос,2
затягивание,2
фарси,2
обожествление,2
обожание,2
сожительство,2
фермерство,2
выпас,2
фольклористика,2
формат,2
образованность,2
образующая,2
фундаментализм,2
обретение,2
обрыв,2
буран,2
выпрямление,2
обследование,2
хиджра,2
хватание,2
химера,2
выпячивание,2
хлебопашество,2
хмель,2
обустройство,2
хоккей,2
холокост,2
обход,2
храбрость,2
объектив,2
хромота,2
христианизация,2
автокефалия,2
хронология,2
объезд,2
объятие,2
выраженность,2
целенаправленность,2
цент,2
выручка,2
зимовье,2
ограждение,2
однообразие,2
бас,2
чесотка,2
чемпионат,2
знаменатель,2
честолюбие,2
ожирение,2
оздоровление,2
сочувствие,2
ознаменование,2
озноб,2
знаменитость,2
чихание,2
шариат,2
шашка,2
шахматы,2
шелест,2
значок,2
шик,2
окультуривание,2
забивание,2
штамп,2
олицетворение,2
зоогеография,2
средоточие,2
омут,2
срез,2
эгоизм,2
опаска,2
анафема,2
экстремизм,2
вакцинация,2
оползень,2
опровержение,2
идентичность,2
опьянение,2
этика,2
вычитание,2
этология,2
ордер,2
организованность,2
юбилей,2
оригинальность,2
избежание,2
варение,2
орошение,2
вычурность,2
яйценоскость,2
осадка,2
ясность,2
оседлость,2
осмеяние,2
извещение,2
оснащение,2
газификация,2
ангина,2
остывание,2
осушение,2
варка,2
отвоевание,2
отвод,2
загон,2
откачивание,2
гастрит,2
изобретательство,2
откорм,2
отключение,2
изолированность,2
отливка,2
отлив,2
отложение,2
изыскание,2
отплытие,2
отпущение,2
отправление,2
иммунодефицит,2
отрешение,2
отрывание,2
суждение,2
инбридинг,2
индексация,2
гепатит,2
отчуждение,2
незалежность,2
очко,2
иннервация,2
пайка,2
падучая,2
инспекция,2
панорама,2
гетерозис,2
считывание,2
парадокс,2
интонация,2
аннулирование,2
пас,2
таинство,2
величественность,2
пастораль,2
пассат,2
инцидент,2
искание,2
первооснова,2
перевоз,2
главнокомандование,2
безделье,2
перегораживание,2
перегруппировка,2
перегрузка,2
гладкость,2
исповедание,2
гликолиз,2
перезагрузка,2
испражнение,2
глобализм,2
переключатель,2
перекрывание,2
истечение,2
акклиматизация,2
истома,2
переосмысление,2
переориентация,2
переплавка,2
истязание,2
беззаботность,2
исчисление,2
перерождение,2
казнокрадство,2
кабала,2
терпимость,2
пересыхание,2
перетирание,2
перетекание,2
калорийность,2
калибр,2
теснота,2
безнравственность,2
перл,2
перистальтика,2
песнопение,2
пермь,2
печаль,2
канун,2
пика,2
голодание,2
пиратство,2
тик,2
гололедица,2
неприсоединение,2
картинка,2
картография,2
гомеостаз,2
плешивость,2
пленение,2
гонорея,2
пляска,2
повадка,2
повешение,2
кибернетика,2
вест,2
подвид,2
подвоз,2
киловольт,2
подкоп,2
трамплин,2
подлость,2
кинематография,2
подмена,2
киноискусство,2
транс,2
подполье,2
кинопрокат,2
горячка,2
гостеприимство,2
подсознание,2
автоматика,2
кларк,2
веха,2
поедание,2
подъезд,2
пожалование,2
клевета,2
клеймо,2
градостроительство,2
покаяние,2
клонирование,2
кличка,2
покрытие,2
неурядица,2
полигон,2
коацервация,2
кобальт,2
поллюция,2
вещание,2
полнолуние,2
гранула,2
поло,2
полночь,2
апокалипсис,2
полуустав,2
веяние,2
поминки,2
колорит,2
помол,2
неэффективность,2
колыбель,2
помысел,2
понт,2
понос,2
грация,2
коммерциализация,2
взаимопонимание,2
порождение,2
гриф,2
порча,2
посвящение,2
комфорт,2
кон,2
послабление,2
грубость,2
удушение,2
новолуние,2
коневодство,2
постриг,2
потворство,2
посягательство,2
потенция,2
гудок,2
консервация,2
вздутие,2
потоп,2
гуманизация,2
конструирование,2
походка,2
аппендицит,2
почтение,2
гуща,2
укрупнение,2
улавливание,2
практичность,2
взыскание,2
аккумуляция,2
концессия,2
конъюгация,2
конъюнктура,2
бессилие,2
нравственность,2
дарование,2
предсказание,2
копирование,2
датировка,2
аксиома,2
президентство,2
преклонение,2
унция,2
премудрость,2
прелюдия,2
бессмертие,2
двоевластие,2
приборостроение,2
костяк,2
привязанность,2
деградация,2
уравнитель,2
обертон,2
дезинфекция,2
прикраса,2
краснуха,2
крепостничество,2
принижение,2
винопитие,2
приостановка,2
кретинизм,2
присуждение,2
криптография,2
приумножение,2
прицел,2
причастность,2
приятие,2
пробег,2
крошка,2
вкрапление,2
демография,2
проводы,2
кружочек,2
проволочка,2
продажность,2
денационализация,2
крючочек,2
факел,2
проектирование,2
кульминация,2
произрастание,2
культивирование,2
прокладка,2
прокорм,2
депортация,2
затворничество,2
пролитие,2
фальсификация,2
промедление,2
купля,2
авторитаризм,2
фасон,2
проницаемость,2
пропасть,2
пропорциональность,2
пропуск,2
пропускание,2
кущение,2
влечение,2
деспотия,2
выпад,2
простуда,2
проступок,2
десятая,2
лакировка,2
протерозой,2
легитимность,2
лейтмотив,2
детектирование,2
лень,2
лепка,2
лета,2
птицеводство,2
дефолт,2
пуп,2
децибел,2
пуск,2
дешевизна,2
лживость,2
ливень,2
биохимия,2
пядь,2
пята,2
пьянство,2
лингвистика,2
равнодушие,2
водоизмещение,2
обрамление,2
диагностика,2
радиограмма,2
радиоэлектроника,2
литография,2
звероводство,2
развитость,2
разгрызание,2
лояльность,2
возбудимость,2
благодать,2
разлив,2
различение,2
цветоводство,2
размолвка,2
алгебра,2
целесообразность,2
магнетизм,2
разобщение,2
маккартизм,2
разрастание,2
дисперсия,2
диссимиляция,2
раскулачивание,2
дифференциация,2
распорядок,2
распущенность,2
благолепие,2
циркуляция,2
добавление,2
рассрочка,2
рассудительность,2
рассыпание,2
добровольность,2
воззрение,2
добродушие,2
растирание,2
мг,2
расхищение,2
мегаватт,2
добрососедство,2
медлительность,2
рахит,2
мелодрама,2
мелодичность,2
регламентация,2
регламент,2
мена,2
довод,2
редукция,2
мерило,2
мес,2
рейтинг,2
рейс,2
рейд,2
реквизиция,2
религиозность,2
рекомендация,2
аллергия,2
дозировка,2
метание,2
реституция,2
долговечность,2
волейбол,2
долгота,2
авиастроение,2
шов,2
мечтание,2
оледенение,2
микроклимат,2
ассимиляция,2
домострой,2
ростовщичество,2
ручей,2
садоводство,2
блаженство,2
сажень,2
самбо,2
астрология,2
саммит,2
самовластие,2
самодовольство,2
мировосприятие,2
алхимия,2
самолечение,2
самолюбие,2
досмотр,2
вытягивание,2
самопожертвование,2
мироустройство,2
мистика,2
самоуправство,2
мистерия,2
достоверность,2
самоцель,2
самочувствие,2
самофинансирование,2
мифология,2
сатира,2
свалка,2
моделирование,2
светимость,2
свинка,2
модернизм,2
свист,2
воровство,2
атлетика,2
древо,2
молва,2
моль,2
эталон,2
мольба,2
сезонность,2
секуляризация,2
сень,2
монополизация,2
душ,2
сеча,2
монументальность,2
воспоминание,2
сжимаемость,2
богомолье,2
символика,2
морозостойкость,2
дымка,2
синдром,2
дырка,2
синто,2
мосток,2
синусоида,2
сир,2
ханжество,2
сифилис,2
скарлатина,2
скачка,2
муза,2
единоборство,2
единогласие,2
скрепление,1
скрежет,1
скрытность,1
скручивание,1
скупость,1
мщение,1
муштра,1
мученичество,1
единоначалие,1
слаженность,1
мытарство,1
мягкость,1
епископство,1
елей,1
сленг,1
сливки,1
мясистость,1
набегание,1
естественность,1
востоковедение,1
бодрость,1
слоган,1
наблюдательность,1
набожность,1
естество,1
навага,1
смачиваемость,1
навес,1
набухание,1
восхваление,1
смыкание,1
смешивание,1
сметливость,1
боеготовность,1
богохульство,1
сноровка,1
надбавка,1
надавливание,1
собираемость,1
сношение,1
надлом,1
наделение,1
нагуливание,1
надпечатка,1
надменность,1
совместимость,1
совмещение,1
надувательство,1
нажатие,1
надрыв,1
женственность,1
божественность,1
сожжение,1
назревание,1
жертвенность,1
созвездие,1
наивность,1
созидание,1
жестикуляция,1
вправление,1
сократимость,1
жжение,1
аудит,1
аудиозапись,1
атомизация,1
составляющая,1
нанотехнология,1
намерзание,1
социология,1
напоминание,1
сочность,1
сочинительство,1
наполняемость,1
жилкование,1
жизнелюбие,1
спектрограмма,1
спесь,1
спешка,1
наречие,1
нарезка,1
жужжание,1
сплетение,1
списывание,1
наружность,1
народничество,1
жребий,1
вручение,1
сращивание,1
сращение,1
средина,1
срам,1
срезание,1
насморк,1
заболачивание,1
всесилие,1
стажировка,1
настройка,1
старинка,1
заваливание,1
вскрывание,1
вскармливание,1
большевизм,1
статика,1
стерильность,1
стерилизация,1
находчивость,1
натяжение,1
сток,1
стоп,1
стоун,1
столп,1
столбняк,1
стихосложение,1
всплытие,1
африкаанс,1
аукцион,1
агрессивность,1
странствие,1
неверность,1
невнимание,1
стройность,1
строчка,1
неврология,1
струйка,1
стряпня,1
негативизм,1
невосприимчивость,1
вставание,1
вспыльчивость,1
стыд,1
ступенька,1
стук,1
субботник,1
субстрат,1
недооценка,1
загрузка,1
суета,1
недофинансирование,1
недоступность,1
недоразвитие,1
всхлипывание,1
бомбометание,1
существительное,1
сходка,1
схватывание,1
незаменимость,1
незыблемость,1
счисление,1
неискренность,1
неизвестность,1
зажигание,1
табу,1
нейтрализация,1
задымление,1
задор,1
таксон,1
ненужность,1
ненормальность,1
неограниченность,1
необратимость,1
нелепость,1
телемеханика,1
телевещание,1
телодвижение,1
неоколониализм,1
неотчуждаемость,1
неопрятность,1
закипание,1
закапывание,1
вторник,1
аэронавтика,1
теорема,1
непогрешимость,1
непогода,1
терзание,1
термодинамика,1
терминатор,1
неподкупность,1
неповоротливость,1
территориальность,1
тестирование,1
тесла,1
непопулярность,1
технологичность,1
типология,1
тиражирование,1
непохожесть,1
непослушание,1
неполноценность,1
законотворчество,1
неприменение,1
тождество,1
токование,1
непричастность,1
неприхотливость,1
неприступность,1
закрутка,1
тональность,1
непрозрачность,1
неприятность,1
закуска,1
непроницаемость,1
топка,1
залог,1
тор,1
неразбериха,1
выдавливание,1
братоубийство,1
братание,1
бракосочетание,1
трагизм,1
несдержанность,1
несвобода,1
несбыточность,1
замер,1
транскрипция,1
несоблюдение,1
трапеция,1
требовательность,1
несоответствие,1
замерзание,1
заменяемость,1
трепет,1
трещинка,1
нетерпение,1
нестыковка,1
неточность,1
замужество,1
трюк,1
трудоустройство,1
неуклюжесть,1
неузнаваемость,1
неудовольствие,1
тщеславие,1
тщательность,1
неуравновешенность,1
занесение,1
выдумка,1
выдвижение,1
баллистика,1
ампутация,1
агония,1
скученность,1
тьма,1
нефтепереработка,1
неустроенность,1
слежка,1
убыток,1
убыль,1
нечистота,1
выемка,1
слепота,1
увеселение,1
низложение,1
низкопоклонство,1
угода,1
ниточка,1
ниспровержение,1
нивелировка,1
бриз,1
удаль,1
удешевление,1
запой,1
удушье,1
заполнение,1
выздоровление,1
ужесточение,1
новоселье,1
узнавание,1
заправка,1
укладка,1
номинал,1
вызревание,1
выжимание,1
бридж,1
украинство,1
украинизация,1
укрывательство,1
укоренение,1
уловка,1
ультразвук,1
улаживание,1
нормирование,1
умелость,1
умывание,1
умствование,1
ноша,1
уныние,1
универсальность,1
зараза,1
запутанность,1
упаковка,1
упокой,1
уплощение,1
упадничество,1
обеднение,1
нюанс,1
снос,1
уравнительство,1
упрямство,1
обезлюдение,1
ураган,1
уравновешенность,1
урезание,1
обеспокоенность,1
обезболивание,1
ню,1
выкачивание,1
банкет,1
обжорство,1
усидчивость,1
обжалование,1
засорение,1
успокоение,1
облава,1
усугубление,1
обливание,1
застолье,1
вымогательство,1
утешение,1
утечка,1
утопичность,1
облицовка,1
затенение,1
уязвимость,1
уют,1
факс,1
фальшь,1
обновленчество,1
вынесение,1
вынашивание,1
букет,1
фарад,1
фейерверк,1
федерализм,1
феодализм,1
обои,1
заучивание,1
затяжка,1
фикция,1
флюорография,1
зацепка,1
заход,1
затыкание,1
фордизм,1
образность,1
фотопериодизм,1
фрагментация,1
фотопроводимость,1
зачистка,1
зачатие,1
функциональность,1
фрейдизм,1
хай,1
халтура,1
фут,1
обрядность,1
бунтарство,1
баронство,1
бар,1
баловство,1
хват,1
харакири,1
химчистка,1
химизация,1
хищение,1
хит,1
обтирание,1
обтекаемость,1
хлопководство,1
хлебопечение,1
обусловленность,1
обуздание,1
хозяйствование,1
обученность,1
обуза,1
обсыхание,1
художество,1
хрупкость,1
хореография,1
цветность,1
обыск,1
обыкновение,1
центрифугирование,1
овуляция,1
обыденность,1
объективность,1
зиверт,1
церемониал,1
цикличность,1
оговорка,1
циркуль,1
цирроз,1
огорчение,1
оглядка,1
чародейство,1
чаепитие,1
ограничитель,1
ограниченность,1
чахотка,1
злодейство,1
зловоние,1
числитель,1
чехарда,1
четверик,1
чересполосица,1
чистилище,1
чумка,1
чудовищность,1
выстраивание,1
бюрократизация,1
быстроходность,1
бурение,1
окостенение,1
шефство,1
октава,1
окрашивание,1
значительность,1
шлифовка,1
шоу,1
шорох,1
шквал,1
шоу-бизнес,1
золотник,1
выступание,1
выстреливание,1
эбола,1
щебетание,1
омовение,1
экзистенциализм,1
эгида,1
омертвение,1
экономичность,1
экскурсия,1
опережение,1
экспертиза,1
экстернат,1
оплеуха,1
описка,1
зуд,1
выталкивание,1
вакансия,1
эксцесс,1
элегантность,1
экстерьер,1
электрокардиограмма,1
электродинамика,1
электропитание,1
электропроводность,1
электропередача,1
оппортунизм,1
иглоукалывание,1
электроэнергетика,1
опробование,1
эмбарго,1
эллипс,1
игрище,1
энергичность,1
эмфизема,1
идентификация,1
выходка,1
выхлоп,1
стеснение,1
энергосистема,1
эпопея,1
опубликование,1
эрстед,1
эстафета,1
эстрада,1
иды,1
идолопоклонство,1
вычет,1
этнография,1
ориентировка,1
ореол,1
варварство,1
бдительность,1
бдение,1
бартер,1
авитаминоз,1
авиаудар,1
явка,1
юношество,1
ороговение,1
язычок,1
осадок,1
избираемость,1
ящур,1
осеменение,1
известкование,1
избиение,1
извинение,1
изгибание,1
извращение,1
галоп,1
вариативность,1
остроумие,1
осуществимость,1
излечение,1
отбой,1
отбрасывание,1
отблеск,1
отвал,1
отвага,1
измельчение,1
гангрена,1
гальванопластика,1
отдание,1
отдаление,1
измышление,1
отечность,1
отзыв,1
изнеможение,1
гармоничность,1
гармонизация,1
ваяние,1
вассалитет,1
беготня,1
откачка,1
откладка,1
откатывание,1
откровение,1
откуп,1
гастроль,1
вброс,1
отместка,1
отлов,1
отпадение,1
отождествление,1
отогревание,1
икс,1
безальтернативность,1
отрада,1
вдвигание,1
отскакивание,1
отрыжка,1
отстаивание,1
инакомыслие,1
импринтинг,1
геотропизм,1
оттаивание,1
геохимия,1
вдыхание,1
безбожие,1
безапелляционность,1
англиканство,1
анахронизм,1
отточенность,1
отщепление,1
отчетливость,1
германизация,1
охра,1
оценивание,1
героизация,1
герметичность,1
вегетация,1
очин,1
очернительство,1
ошибочность,1
инициал,1
ощупывание,1
инновация,1
гетерогенность,1
ведомо,1
безвестность,1
падеж,1
панспермия,1
интеллект,1
инсульт,1
парадность,1
интенсификация,1
партийность,1
пароль,1
интуиция,1
гидродинамика,1
безгрешность,1
аннигиляция,1
пассаж,1
парусность,1
пастьба,1
патриархат,1
инфразвук,1
пахота,1
пауперизм,1
инъекция,1
гиповитаминоз,1
гиперинфляция,1
педагогика,1
пацифизм,1
первобытность,1
искажение,1
ирония,1
венец,1
бездействие,1
перевыборы,1
перегонка,1
перевоспитание,1
исламизация,1
глас,1
перезахоронение,1
перезапуск,1
переедание,1
перекатывание,1
перекличка,1
переизбрание,1
перекройка,1
перекос,1
глобус,1
вереница,1
бездеятельность,1
безденежье,1
антагонизм,1
азиатчина,1
азарт,1
переложение,1
переменная,1
перелив,1
переноска,1
перенапряжение,1
перекусывание,1
перепланировка,1
переподготовка,1
переписывание,1
истерия,1
пересказывание,1
перестраховка,1
перестрелка,1
перестановка,1
перетаскивание,1
каление,1
кабуки,1
перечеркивание,1
переучивание,1
переток,1
периодизация,1
перечисление,1
камуфляж,1
годность,1
говорильня,1
гм,1
пессимизм,1
пикник,1
пикет,1
печение,1
персона,1
пила,1
пинок,1
пикофарада,1
пинта,1
капитель,1
писк,1
пируэт,1
кариес,1
караул,1
карантин,1
голодовка,1
вертушка,1
токсикомания,1
плавка,1
планка,1
планеризм,1
кариотип,1
пластика,1
гомон,1
тонзиллит,1
тонкость,1
тонус,1
катар,1
вершок,1
топос,1
плюрализм,1
плоскостопие,1
безучастие,1
безуспешность,1
безрассудство,1
антисоветизм,1
поверье,1
квадриллион,1
гордыня,1
погибель,1
кейнсианство,1
квота,1
подвеска,1
килоампер,1
кило,1
горка,1
вестернизация,1
подделка,1
подготовленность,1
подвижка,1
килоом,1
килоньютон,1
горстка,1
поднимание,1
подмога,1
подогрев,1
кинопроизводство,1
киноиндустрия,1
подработка,1
подробность,1
подрастание,1
кипячение,1
госзаказ,1
горнило,1
безысходность,1
подсказка,1
подсветка,1
подтекст,1
ккал,1
подтяжка,1
подтопление,1
кириллица,1
пожелтение,1
позитивизм,1
клейкость,1
гравитация,1
познаваемость,1
клика,1
клизма,1
гравирование,1
бери-бери,1
поклон,1
покер,1
климатология,1
покос,1
покрой,1
клубочек,1
клубок,1
вечеря,1
вечеринка,1
тупость,1
полдник,1
полевение,1
книгоиздание,1
поливка,1
полегание,1
вечность,1
полиомиелит,1
полимеризация,1
полновластие,1
грандиозность,1
бесконечность,1
бескомпромиссность,1
апатия,1
аккорд,1
аккомпанемент,1
авангардизм,1
абсурдность,1
полноценность,1
полутон,1
полоскание,1
коллаборационизм,1
коклюш,1
помин,1
помилование,1
помазание,1
поминовение,1
помутнение,1
помпа,1
графика,1
графа,1
взаимность,1
поп-арт,1
комбинирование,1
поползновение,1
комменсализм,1
попрошайничество,1
коммерция,1
грей,1
гребень,1
порицание,1
порочность,1
бесплодность,1
бесплатность,1
беспечность,1
комфортность,1
гротеск,1
пособничество,1
послушание,1
послевкусие,1
взвод,1
поспешность,1
конверсия,1
поставление,1
конвоирование,1
конверт,1
конвергенция,1
пострижение,1
постижение,1
вздорожание,1
взвешивание,1
потасовка,1
посылка,1
потоотделение,1
консервирование,1
гул,1
вздох,1
потребительство,1
консистенция,1
потягивание,1
похищение,1
констатация,1
гуляние,1
похождение,1
похмелье,1
поцелуй,1
гуманность,1
взлом,1
бесправие,1
беспощадность,1
бескорыстие,1
почтительность,1
поэтика,1
правдивость,1
пояснение,1
пощада,1
контекст,1
правописание,1
контры,1
правопорядок,1
дальновидность,1
прагматизм,1
давность,1
давка,1
прегрешение,1
предзнаменование,1
конфликтность,1
предохранение,1
предостережение,1
предначертание,1
предрасположенность,1
копчение,1
дарвинизм,1
дальтонизм,1
беспринципность,1
предчувствие,1
корд,1
презумпция,1
дача,1
премьерство,1
коронование,1
прессование,1
прерывистость,1
престолонаследие,1
корь,1
коррумпированность,1
двойственность,1
видеосигнал,1
прецедент,1
префектура,1
прибавка,1
косметика,1
косинусоида,1
привлекательность,1
приветливость,1
кочевье,1
дебри,1
пригодность,1
кошмар,1
ураза,1
прижигание,1
краса,1
признательность,1
викторианство,1
визуализация,1
бесстыдство,1
бесславие,1
беспредельность,1
арабеска,1
призрак,1
краткость,1
крат,1
приличие,1
прилежание,1
кредитоспособность,1
деиндустриализация,1
примерка,1
приработка,1
деколонизация,1
виноделие,1
бесчинство,1
приспосабливание,1
приращивание,1
приспособляемость,1
приспособленчество,1
криминалистика,1
криминализация,1
деловитость,1
притворство,1
притягательность,1
притча,1
кровоизлияние,1
делопроизводство,1
прицепка,1
кровопролитие,1
кровопотеря,1
причастие,1
причинение,1
демаркация,1
демагогия,1
вкладыш,1
бета,1
бесчестие,1
пришествие,1
приятность,1
причудливость,1
пробел,1
кролиководство,1
провидение,1
проветривание,1
кровохаркание,1
провоз,1
проводка,1
прогибание,1
провоцирование,1
прогревание,1
кручение,1
продавливание,1
прогрессивность,1
крупка,1
крупица,1
демарш,1
продувание,1
крючкотворство,1
проезд,1
продуманность,1
кулон,1
кубометр,1
денатурация,1
прозрение,1
прокормление,1
купирование,1
культурология,1
дер,1
властолюбие,1
био,1
аристократизм,1
проницательность,1
промывка,1
прополка,1
проповедование,1
кучка,1
дерзость,1
прорытие,1
проращивание,1
протекционизм,1
лаконизм,1
лазание,1
лавр,1
вливание,1
ланч,1
профессионализм,1
легитимизм,1
ласка,1
ламаркизм,1
профиль,1
процеживание,1
лейшманиоз,1
детоубийство,1
прочтение,1
ленинизм,1
внезапность,1
биомасса,1
биогеография,1
психиатрия,1
псевдоним,1
прямолинейность,1
пузырчатка,1
психоз,1
децентрализация,1
пунктуальность,1
пурпур,1
летучка,1
путаница,1
пучина,1
путы,1
лжесвидетельство,1
децимация,1
внушаемость,1
пылкость,1
пыл,1
пятнышко,1
лимит,1
джихад,1
джингоизм,1
равномерность,1
равнозначность,1
равноденствие,1
радикализация,1
радиовещание,1
радиолокация,1
литера,1
листание,1
дзюдо,1
водоворот,1
бирюза,1
актуальность,1
автономность,1
автономизация,1
радиопромышленность,1
радушие,1
радуга,1
лихолетье,1
разбег,1
разблокирование,1
разбалансировка,1
разброд,1
разбор,1
лихость,1
водоснабжение,1
разбрызгивание,1
развеивание,1
лов,1
разворот,1
разворовывание,1
разгибание,1
диверсия,1
вождение,1
водосбор,1
разгосударствление,1
разговение,1
локализация,1
раздвоение,1
разгул,1
разделка,1
луддизм,1
дина,1
разжалование,1
разлад,1
разжижение,1
любезность,1
разлом,1
размерность,1
размежевание,1
диоптрия,1
динамичность,1
диктовка,1
благовоние,1
разминирование,1
разминка,1
лямблиоз,1
лямбда,1
размывание,1
магия,1
дисгармония,1
разнобой,1
макет,1
дискомфорт,1
дирижизм,1
разогревание,1
разогрев,1
максимализация,1
макрон,1
разрыхление,1
малокровие,1
дискретность,1
возвеличивание,1
разъезд,1
манипулирование,1
раскат,1
раскрепощение,1
раскраска,1
мания,1
возвышенность,1
распознавание,1
маркетинг,1
распорка,1
дифтерия,1
благожелательность,1
благодеяние,1
аршин,1
распятие,1
рассеянность,1
рассечение,1
распыление,1
рассматривание,1
расставание,1
масштабность,1
масть,1
массовость,1
мах,1
растворение,1
растаскивание,1
расторжение,1
растерянность,1
махровость,1
материнство,1
воздухоплавание,1
расходование,1
мегатонна,1
мегаом,1
раунд,1
ратификация,1
расщеп,1
рационализм,1
добротность,1
доброжелательность,1
реагирование,1
ребячество,1
мел,1
межевание,1
ревизия,1
ревизионизм,1
мелиорация,1
регентство,1
доведение,1
благоразумие,1
благоприятствование,1
асимметричность,1
регресс,1
режиссура,1
резка,1
резинка,1
резвость,1
меркантилизм,1
довершение,1
резкость,1
резус-фактор,1
резус,1
резь,1
мерцание,1
мертворождение,1
реквием,1
месса,1
догматизм,1
вознесение,1
реплика,1
репатриация,1
рентабельность,1
металлообработка,1
репо,1
метеорология,1
рецессивность,1
метода,1
метла,1
метаморфоз,1
дойка,1
благость,1
авторство,1
авиапромышленность,1
ритмика,1
решительность,1
родовитость,1
робототехника,1
риторика,1
мечтательность,1
роение,1
рожок,1
микроампер,1
микориза,1
рок,1
рококо,1
романтизация,1
микрон,1
микрозиверт,1
доминантность,1
долголетие,1
ромб,1
россыпь,1
миллиампер,1
микрофарада,1
ругань,1
миллизиверт,1
миллиграмм,1
милливольт,1
домостроительство,1
румб,1
рукопожатие,1
румянец,1
миллиньютон,1
рыбоводство,1
рушение,1
мин,1
мимика,1
допуск,1
доплата,1
вольнодумство,1
волеизъявление,1
минимализм,1
минор,1
доработка,1
самоанализ,1
самодеятельность,1
самогоноварение,1
минус,1
допустимость,1
экстерриториальность,1
самоконтроль,1
самоизлечение,1
самоликвидация,1
миропомазание,1
миролюбие,1
самообразование,1
самоотречение,1
миропорядок,1
самопомощь,1
самопознание,1
самооценка,1
миропонимание,1
досада,1
воодушевление,1
электротерапия,1
санкционирование,1
санация,1
самоуверенность,1
сахаристость,1
многоголосие,1
мнительность,1
сбрасывание,1
свежесть,1
сбраживание,1
доходность,1
вопль,1
вольтерьянство,1
благоухание,1
светочувствительность,1
светотень,1
свершение,1
свисток,1
свиноводство,1
сверхпроводимость,1
сворачивание,1
своп,1
мозаичность,1
сгиб,1
сгибание,1
святки,1
сдавливание,1
молебен,1
мол,1
модуляция,1
дремота,1
эстетика,1
дрожь,1
седина,1
молчание,1
дрожание,1
монетизация,1
монетаризм,1
семяизвержение,1
монолог,1
мониторинг,1
сервировка,1
дуновение,1
воспевание,1
воскрешение,1
ворох,1
сжимание,1
мореходство,1
мораторий,1
символизм,1
синтезирование,1
синекура,1
морозец,1
монополизм,1
сионизм,1
систематизация,1
мошенничество,1
мочеиспускание,1
систематичность,1
скандирование,1
мстительность,1
евро,1
сквозняк,1
скисание,1
скидка,1
скептицизм,1
мудрствование,1
склеивание,1
сколиоз,1
мурашки,1
музицирование,1
единодушие,1
евразийство,1
духовность,1
блок-схема,1
автотрофность,1
абсурд,1
абстиненция,1
абордаж,1